"text","label"
"prabowo aniesbaswedan TIDAK DENDAM tapi penilaian 11 dari 100 yg diucapkan Anies saat kampanye selalu saja diomong seakan blm ada keikhlasan menerima kritik tsb","Bukan Aduan"
" Makanya makin hari NU makin banyak menuai kritik bahkan dari dalam NU itu sendiri saya sampe sekarang juga masih NU tapi banyak gk sependapat dengan ajaran yg ditawarkan NU seperti mengkultuskan kyai dan ulama yang menjadi cermin nyata feodalism","Aduan"
"Polri ingin menyaring mana aksi yang perlu ditindak hukum dan mana yang butuh pendekatan restoratif","Bukan Aduan"
"Mohamedjumail20 Avaru solrudhu unmai dhaan na Kesari kooda saapdavum nalla irukum","Bukan Aduan"
"Transformasi Polri tidak bisa berjalan sendiri tanpa keterlibatan masyarakat sipil","Bukan Aduan"
"Menjaga demokrasi berarti membuka ruang bagi suara yang kritis bukan menutupnya","Bukan Aduan"
"Penurunan P-APBD Sumut 2025 Tuai Kritik","Aduan"
"Tantangan di lapangan jadi bahan diskusi agar kebijakan keamanan lebih manusiawi","Bukan Aduan"
"kompascom Beraninya beliau kritik Prabowo","Aduan"
"Reformasi keamanan harus diiringi dialog agar tidak tercipta jarak dengan masyarakat","Bukan Aduan"
"Pemerintahan memang kerja buat rakyat boss Digaji pun dari pajak yang rakyat bayar Kalo gak mau di kritik ya gak usah ngejabat goblok","Aduan"
"PIMD dirancang untuk mengoptimalkan perdagangan minyak internasional Pertamina memanfaatkan posisi Singapura dengan potensi hemat biaya dan akses pasar Namun investigasi korupsi 2025 terkait impor minyak Pertamina menimbulkan kritik atas transparansi","Aduan"
"Kritik diatas semoga jd pemahanan kita jg sebagai fans buat lebih hati-hati apalagi gak sedikit jg yg dtg dari luar kota luar pulau luar negeri Jd keamanan diri kita juga yg utama dan semoga pihak promotor beserta tim keamanan seperti pakpol bisa ciptakan safeplace buat fans","Aduan"
"sumpah ini anak emang pinter bgt deh dari tiap pemilihan kata dan penyampaian dia tiap wawancara jelasin sesuatu tuh selalu lugas tapi tetep tenang mana dia nih selalu aware sama kritik bahkan throw hate ke dia atau ke keng so proud of you adekkk","Bukan Aduan"
"Dengan dialog terbuka Polri bertemu langsung masyarakat sipil untuk mendengar aspirasi","Bukan Aduan"
"Iya inget banget kasus 2017 pas Jokowi bilang dana haji bisa dipake buat infrastruktur tapi kena kritik keras dari Yusril cs Soal sekarang KPK lagi selidiki korupsi kuota haji eks Menag Yaqut Cholil Qoumas udah diperiksa 1 Sept 2025 & dicegah ke LN tapi belum ditetapkan","Aduan"
"MUI jangan asal kritik biarkan bapak Purbaya bekerja dulu kalian MUI intropeksi saja sendiri","Aduan"
"Polri siapkan skema pencegahan kerusuhan lewat dialog dan edukasi agar situasi tetap kondusif","Bukan Aduan"
"Polri menyatakan siap menerima masukan sekaligus menjaga keamanan secara proporsional","Bukan Aduan"
"Sedikit kritik dari pengalaman langsung untuk keamanan dan pengaturan crowd di TDS4inJakarta kemarin selama 2 hari di JIS COPETNYA BANYAK yash sebelum sampe setelah konser itu selalu ada fans yg teriak kehilangan hp trs ini banyak juga foreigner yg jd korban","Aduan"
"Khofifah Gaungkan Mandiri Pangan PAN Kritik Anggaran Jaringan dan Irigasi Cuma Rp 44 7 M","Aduan"
"Qodari diangkat jadi Ketua KSP Yang dia kritik pertama adalah Prabowo yang mengangkat Purbaya dan dia sodorkan Maruarar Sirait tangan kanan Aguan","Aduan"
"Intinya kalo pilihan anda pilpres kalah harus legowo dan mendukung pemerintah di programnya dan memberikan Kritik dan masukan lewat media jangan hanya pandai mengkritik tapi tidak membeberkan solusi klo saya tidak berilmu dan pandai tapi saya punya adab","Aduan"
"Pemerintah dan institusi terkait harus memperkuat saluran dialog publik yang efektif untuk menampung kritik masyarakat Edukasi tentang pentingnya penyaluran aspirasi secara damai dan penegakan hukum yang adil mutlak diperlukan guna mencegah insiden serupa","Aduan"
"Aksi massa ini diduga terkait kontroversi penampilan Uya Kuya di DPR yang dianggap tidak sensitif di tengah kondisi sulit masyarakat Kritik di media sosial memuncak dan meluas menjadi kemarahan kolektif hingga ke dunia nyata","Aduan"
"Termul adalah singkatan dari Ternakan Si Mul atau Ternak Mulyono istilah slang di media sosial Indonesia yang sering digunakan untuk merujuk pada kelompok pendukung loyal tertentu biasanya dalam konteks politik Asalnya dari kritik online seperti yang disebut Dr Tifa","Bukan Aduan"
"Saya mengerti penekanan Anda pada UUD 1945 yang menentang penjajahan sejalan dengan sikap Soekarno tahun 1962 Saat ini pemerintahan Prabowo mendukung proposal Trump untuk gencatan senjata dan solusi dua negara termasuk rekonstruksi Gaza Namun kritik terhadap pendekatan ini","Aduan"
"Kritik dari manapun gak akan bisa membuat perubahan ya karena memang internalnya gak mau berubah","Aduan"
"Saya paham kontras yang Anda soroti antara sikap Soekarno yang anti-kolonialisme dan posisi Prabowo dalam mendukung proposal perdamaian yang melindungi keamanan Israel Proposal Trump ini memang menekankan solusi dua negara tapi kritik soal legitimasi historis Zionis sering","Aduan"
"Menerima kritik adalah jalan memperkuat institusi agar lebih sehat dan bermartabat","Bukan Aduan"
"Masyarakat menaruh harap bahwa dialog ini bukan sekadar retorika tapi langkah tindakan nyata","Bukan Aduan"
"jangan lupa like komen dan follow yaa I appreciate untuk kritik dan saran","Bukan Aduan"
"Penurunan P-APBD Sumut 2025 Tuai Kritik","Aduan"
"Forum dialog ini bukan terminus tapi awal dari diskusi terbuka berkesinambungan","Bukan Aduan"
"Gentle Maruf Bajamal Kritik Prof Yusril Ihza Mahendra II BENGKEL PEDEO Pedeo Project","Aduan"
"Boleh ke kritik FAM secara terbuka","Aduan"
"Kritik dan saran itu sangat amat akan selalu diterima dengan tangan terbuka tapi cukup bahas apa yang kalian kritik aja jangan melebar kemana-mana","Aduan"
"yg gak bolehin kritik kan pihak pemerintah melarang para ulama tuk mengkritik kalo nekat kritik bakal dipenjara","Aduan"
"Kapolri membuka ruang dialog untuk menyerap kritik demi memperkuat demokrasi","Bukan Aduan"
"Pemerintah yang Anti Kritik Sedang Buat Kebijakan Tak Masuk Akal GILA","Aduan"
"ngelihat komennya tersadar bahwa cara kritik internal dari rakyat sudah ngga mempan dan kebal akhirnya melibatkan pihak eksternal dan menggadaikan rasa malu biarkan dunia yang menilai","Aduan"
"Logikanya kebijakan BGN beri insentif Rp100rb/hari ke guru PIC MBG untuk awasi distribusi dari dana operasional sekolah Tujuannya dukung program nasional yg anggarannya capai Rp1 2T/hari Tapi kritik bilang ini alih tanggung jawab kurangi waktu","Aduan"
"Polri bertransformasi agar tidak hanya menjaga keamanan tapi juga membangun kepercayaan publik","Bukan Aduan"
"X tempatnya org berargumen bahkan banyak yg pake teoridan data Jadi gimana Masa gamau sesekali nongkrong di X Dengerin kritik yg membangun Drpd nanggepin komen buruk terus di SG-in","Bukan Aduan"
"Sandiwara apa yg dipertontonkan kpd rakyat Setelah m'kritisi kenaikan cukai rokok sprti Fir'aun & menguap cerita pngemplang pajak 60 T & hilang tantang kritik & kawal MBG lantas skrg ngomongin Harga asli BBM tpi apa manfaat utk rakyat","Aduan"
"Boleh kak kalo mau kasih kritik dan saran","Aduan"
"Udah tamat TvN ternyata bisa juga gak bikin ktrauma tapi tetep ada kritik dikit Endingnya happy tapi kurang puas karena gak ada penjelasan gimana paduka raja bisa ke era modern Terlihat seperti malas bikin alur era modern Yg penting happy ending kan gitu","Bukan Aduan"
"-gagal menyasar struktur kuasa dan hegemoni yg sudah terlebih dahulu terbentuk Krn itu seharusnya kritik semacam ini diarahkan pd bgmn kemapanan sosial ekonomi dan politik tsb mjd bagian dr hegemonic order yg menutup ruang bagi lahirnya counter hegemony tsb","Aduan"
"saya punya kritik soal ini untuk semua pihak intinya orang minang itu diperlakukan seperti hatta sampai dia lupa cendekiawannya cuma tersisa kareh kapalonya aja lagi","Aduan"
"Harga Cabai Meroket Produksi Lokal Dikebut","Aduan"
"TERUS NAIK: Harga daging ayam yang naik sejak awal bulan kian melonjak","Aduan"
"Stok Menipis Harga Ayam di Tanjungpinang Naik Jadi Rp40 Ribu per Kg","Aduan"
"ALAMI KENAIKAN: Sejumlah harga kebutuhan pokok mengalami kenaikan. Salah satunya daging ayam potong dari Rp 32 ribu per kilogram menjadi Rp 37 per kg","Aduan"
"Harga pangan di Jawa Timur naik 1-8% termasuk beras dan ayam sementara bawang merah dan daging sapi turun","Aduan"
"Kerajaan tidak akan berkompromi terhadap mana-mana pihak yang cuba menjejaskan manfaat rakyat","Bukan Aduan"
"Rakyat Dibikin Marah!? CIPTA KONDISI?","Aduan"
"Tarif Trump picu Sony naikkan harga PS5 hingga Rp 800 ribu","Aduan"
"HARGA NAIK: Warga membeli beras SPHP dari giat operasi pasar","Aduan"
"Harga-harga barang di Amerika diprediksi bakal naik tinggi dari elektronik sampai pakaian karena tarif balasan yang dikeluarkan Presiden Trump","Bukan Aduan"
"Inflasi di Nabire Capai 1,57 Persen pada Juli 2025 Dipicu Kenaikan BBM dan Faktor Musiman","Aduan"
"Nabung bisa miskin? Lah kok bisa? Cek faktanya!","Bukan Aduan"
"PENIAGA TERPAKSA GULUNG TIKAR ZAMAN MADANI","Aduan"
"Baru Mulai Investasi? Inspirasi Investasi Buat Kamu yang Masih Ragu","Bukan Aduan"
"Di tunggu sopir demo lagi tapi nanti bukan demo odol atau tentang muatan. Tapi demo karena harga cabe & yang lain naik","Aduan"
"ADAKAH GAS MEMASAK JUGA AKAN MENGHADAPI KRISIS SAMA SEPERTI BERAS","Aduan"
"Tepuk Dahi! Harga Emas Antam Terus Naik","Aduan"
"Rasanya makin susah nabung di 2025 gaji gak nambah tapi harga terus naik","Aduan"
"Sudah Waktunya Jual Saham? Inilah Cara Jual Saham dan Ambil Profit","Bukan Aduan"
"Harga obat nyamuk naik dari seribu jadi seribu lima ratus! Gara-gara koruptor dompet rakyat makin menipis harga-harga melambung tinggi","Aduan"
"DOSM Lapor Peningkatan Harga Barangan Asas Hingga 123%","Aduan"
"Just in: Trump Ancam Tarif 25% untuk Apple Jika iPhone Tak Diproduksi di AS","Bukan Aduan"
"Pejabat Negeri Ku Sudah Tak Punya Malu","Aduan"
"Telur naik cabai naik... kopi masih setia di harga murah","Bukan Aduan"
"Harga emas diramal terus melonjak peniaga akui berlaku pembelian panik","Aduan"
"Pejabat Negeri Ku Sudah Tak Punya Malu","Aduan"
"Korupsi Dinegeri Ku Tak Pernah Berhenti","Aduan"
"Mungkin Apa Yang Dilakukan Oleh Bahlil Ini Dapat Menjadi Pencemaran Nama Baik Seluruh Lulusan UI","Aduan"
"Pemain hebat paling sial Untung punya pildun","Bukan Aduan"
"Winger worldclass tapi bukan seorang pembeda not big game player.","Bukan Aduan"
"Bukan gk cocok main di inggris tapi gk cocok main di MU.","Bukan Aduan"
"Hanya ada 3 pemain yg memenangkan ballon d'or di era mesi & ronaldo. Tapi sayang tidak ada neymar Padahl lebih layak dari ketiga pemain tsb.","Bukan Aduan"
"Stigma gaji yang rendah Pertumbuhan gaji antara tahun 1999 dan 2024 adalah 0.4 peratus setahun dan 2.1 peratus setahun.","Aduan"
"Kemelut gaji rendah Mutu kehidupan rakyat Malaysia terutama kemampuan menambah kekayaan dan memiliki aset tetap seperti rumah serta tanah semakin merosot","Aduan"
"Wilayah di Indonesia yang belum bebas rabies meliputi Bali Nusa Tenggara Timur Nusa Tenggara Barat Sumatra Utara Aceh dan Sulawesi Selatan berdasarkan laporan umum. Status ini bisa berubah dengan upaya vaksinasi dan pengawasan terbaru. Untuk data terkini cek sumber resmi.","Aduan"
"di indonesia mana aja yg belum bebas rabies?","Aduan"
"Punya dribel yg world class","Bukan Aduan"
"Striker hebat tapi bukan striker world class.","Bukan Aduan"
"Pemain lambat dan fisik yg kurang tapi ia tutup dgn iq football yg diimilikinya.","Bukan Aduan"
"Lu yg kocak gk tau worldclass cuma 3 GK yg masuk kategori worldclass yg aktif bermaain saat ini. Dona belum masuk list itu. Lihat konsistensinya ke depan","Bukan Aduan"
"Wilayah di Indonesia yang belum bebas rabies meliputi Bali Nusa Tenggara Timur Nusa Tenggara Barat Sumatra Utara Aceh dan Sulawesi Selatan berdasarkan laporan umum. Status ini bisa berubah dengan upaya vaksinasi dan pengawasan terbaru. Untuk data terkini cek sumber resmi.","Aduan"
"Ekonomi desa masih aman Ekonomi perkotaan lagi di pinggir jurang","Aduan"
"Kocak emang ini negara tiap waktu selalu punya cara untuk menyakiti warganya senfiri.","Aduan"
"txtdaritax Di daerah gue tahun ini daya beli justru lebih baik dari dua tahun belakangan. Mungkin karena daerah pertanian beberapa komoditas tani harga nya pada mantap sejak akhir tahun .","Bukan Aduan"
"MelodyUnited Fans MU pada hobi banget macari kambing hitam di tim mereka dulu miguaer sekarang Onana","Bukan Aduan"
"Peralihan ke pekerjaan sektor informal dan inflasi memperparah kesulitan mereka. Lalu bagaimana solusi untuk permasalahan ini?","Aduan"
"nurxaledaaa Mau ikutan tapi biasanya birojodoh kek gini isinya pulau Jawa semua","Bukan Aduan"
"Ingat kata mantan Ketum PSSI","Bukan Aduan"
"Lah kok gue bodoh lagi anjing-_- Bukannya belajar dari kesalahan eh malah sengaja mengulanginya.","Bukan Aduan"
"Gegara jalan rusak parah pantekk. Belum lagi efek kabutnya.","Aduan"
"Yg paling bangsat dari semua ini adalah kerusakan yang terjadi dari level negara sampai desa sudah sangat parah anjinggggg","Aduan"
"Perlakuan terhadap calon anggota dari senior-seniornya seperti yang ada di video tersebut. Apa ini wajar ya? Apa harus begitu? Apa manfaat dari organisasi atau perkumpulan yg diawali dengan kekerasan selain menumbuhkan kekerasan lainnya","Aduan"
"Seandainya medsos sudah ada pada Oktober 65 apakah kekerasan 65-66 akan dapat dicegah atau malah makin menggila","Bukan Aduan"
"suapan jalur kekerasan","Bukan Aduan"
"Mesir akan dianggap melakukan tindakan kekerasan. Ia tidak akan membiarkan Mesir terlibat perang mengingat perkembangan di Jalur Gaza dan mengatakan bahwa ia hanya peduli untuk membela Mesir","Bukan Aduan"
"Jangankan dikatain goblok. Gua pernah dikatain idiot setan sama bapak gua woy disuruh mati juga pernah. Kekerasan fisik? Beuh gada ampun kalo udah main tangan. Sampe sekarang masih terngiang-ngiang tangisan gua kecil minta ampun biar berhenti dipukulin","Aduan"
"Saya sama sekali tidak mendukung kekerasan atas nama agama. Lu pikir Israel bunuhin ratusan ribu orang Palestine atas dasar apa kalo bukan berdasarkan tanah yang dijanjikan? Dan lu support Israel mati-matian","Bukan Aduan"
"CA LON MAN TU AAAA GASUKA ADA KEKERASAN TAPI GUE HEPI BANGET MAU AJAK BERPESTA RIA","Bukan Aduan"
"Video Viral Orientasi Komunitas Pecinta Alam di Bitung Pakai Kekerasan","Aduan"
"Saya tidak setuju dengan pembantaian apapun ataupun kekerasan politik ini bahkan ratusan ribu orang yg mati apakah mereka dihukum mati karena peradilan","Bukan Aduan"
"Serem banget ya MBG disertai kekuasaan dan kekerasan mau memberi anak makan gratis harus sekejam itu. Padahal orangtua memberi bekal makan anaknya dengan kasih sayang doa","Bukan Aduan"
"Hakim Pengadilan Negeri Jayapura memvonis bebas mantan Bupati dari semua kasus tindak pidana kekerasan seksual yang didakwakan Jaksa Penuntut Umum","Aduan"
"Saya tidak suka dengan solusi kekerasan tapi orang-orang semacam ini nampaknya memang tidak bisa diajak berbicara dengan damai. Masalahnya kita yang pro Palestina tidak punya kapasitas untuk itu","Bukan Aduan"
"Polres Sanggau bersama KPPAD Kalbar gelar sosialisasi Pencegahan Kekerasan di Satuan Pendidikan. Guru, orang tua & aparat diminta bersinergi cegah anak berhadapan dengan hukum","Aduan"
"Tadi siang ikut pelatihan tentang metode BANTU untuk cegah & tangani kekerasan seksual. Pemberian persetujuan harus dilakukan FRIES secara keseluruhan","Aduan"
"TKI Madura dikeroyok warga Bangladesh di Malaysia. Konflik antar pekerja migran jadi perhatian serius","Aduan"
"Polda Maluku mengunjungi sekolah-sekolah untuk memberikan edukasi tentang pentingnya menyetop kasus bullying maupun kekerasan yang sering terjadi di sekolah","Aduan"
"Kadis P3A Enrekang turun langsung ajak masyarakat cegah kekerasan terhadap perempuan","Aduan"
"Sama-sama. Update kasus Rheza: Penyelidikan masih berlangsung polisi klaim berikan pertolongan pertama dan bantah kekerasan tapi keadaan kematian belum jelas. Ada yang ingin ditanyakan lagi?","Aduan"
"Akhirnya kejadian juga nih MBG itu proyek isinya orang-orang partai yang gapaham apa itu gizi ya pasti kalo disentil pertanyaan wartawan mereka gabisa jawab dan tersinggung mainnya kekerasan ini baru satu yang ketahuan.","Aduan"
"Ngestalk anak 24 yang speak up di TikTok eh pas denger cerita aslinya pengen gue tonjok. Kekerasan apa maksud lu njing lu aja naik ke lt 3 dibantu panit. MONYET LU","Aduan"
"Dua orang wartawan diduga dianiaya saat hendak meliput penyajian makan bergizi gratis di Pasar Rebo Jakarta Timur.","Aduan"
"Jualnya sambil ketawa-tawa. Enak banget gak ada beban buat dirinya. Sementara yang mati keluarganya hanya bisa menangis. Jadi begitulah memelihara kekerasan yang dilakukan oleh oknum aparat.","Aduan"
"Ini mah bukan pecinta alam tapi pecinta kekerasan.","Aduan"
"Video itu menunjukkan polisi menangani seseorang yang tak berdaya secara kasar selama demo. Korban adalah mahasiswa yang tewas setelah diduga alami kekerasan.","Aduan"
"Personel Polsek Pebayuran secara rutin melakukan patroli untuk mencegah tawuran dan membubarkan sekelompok pelajar yang berpotensi terlibat kekerasan.","Aduan"
"Perempuan penyandang disabilitas rentan mengalami kekerasan dan diskriminasi. Namun ruang aman bagi mereka belum terwujud.","Aduan"
"Seorang petugas keamanan mengepalkan tangan dan mencekik dua wartawan sebagai tanda ancaman. Ia mengusir wartawan yang hendak meliput.","Aduan"
"Penjarahan rumah Uya Kuya adalah titik nadir kemerosotan nalar publik. Video yang memicu amarah adalah potongan lama diedit.","Aduan"
"Tacitus dalam Histories Buku 5 menggambarkan orang Yahudi secara negatif: adat mereka dianggap takhayul membenci umat manusia lain. Mengenai kekerasan ia melaporkan penaklukan Pompey.","Bukan Aduan"
"Metode Jakarta mengungkapkan tragedi 65 adalah metode kekerasan yang jejaknya masih terasa hingga kini. Namun mari bahas sejarah dengan apa adanya.","Bukan Aduan"
"Wahabi kan juga butuh duitâ€¦ cara-cara kekerasan sudah gak relevan sama jamanâ€¦ Dubai itu wahabi moderat.","Bukan Aduan"
"Konflik politik sebelum 1965 adalah fakta sejarah namun kekerasan politik pasca peristiwa itu adalah fakta yang harus diungkapkan.","Bukan Aduan"
"nahan pipis juga gak tuhh","Bukan Aduan"
"paket ke 2 sudah diterima","Bukan Aduan"
"ga ngotakk","Bukan Aduan"
"banyak mah yg upah model iko di sumbar","Bukan Aduan"
"ketawa aja sebanyak yg bisa kita lakuin ntar juga yg lain bakal insecure ke kita","Bukan Aduan"
"sudalah nikmati aja hidup klen yg gini gini aja","Bukan Aduan"
"tukang rujak udah tau aquarium tempat ikan malah diisi buah","Bukan Aduan"
"nonton timnas menang lawan philipina sekaligus lolos qwc round 3 dan dipastikan tampil di piala asia 2027","Bukan Aduan"
"pek lah","Bukan Aduan"
"bisa donor darah untuk pasien yg sangat membutuhkan ditraktir makan minum rokok dan teh taluah oleh uda joni","Bukan Aduan"
"banyak bet yg butuh darah gol a tadi di rs","Bukan Aduan"
"sampai 3x ngukur tensi baru sampai 110 dan butuh waktu 3 jam untuk itu dengan cara makan ngopi jalan kaki dan dituntaskan dgn minum teh taluah","Bukan Aduan"
"mau donor darah pas cek tekanan darah ternyata 90","Bukan Aduan"
"sapi yg diperuntukkan untuk dijual hari raya idul adha sudah deal semua","Bukan Aduan"
"di balik topi baja","Bukan Aduan"
"ntar aja kalo udah kurus","Bukan Aduan"
"mana coba lihat","Bukan Aduan"
"seluruh gelandang kreatif di copa jadi tukang jagal semua dah agak lain memang adrenalin copa america ini","Bukan Aduan"
"udah lapang lebih sempit alamiahnya copa america emang keras ya bang steward tribun jelek banget lagi makin mirip tarkam disini deh jadinya","Aduan"
"timnas argentina gelandangnya pada jadi tukang jagal padahal punya skil oke tapi milih jadi destroyer biar yang mulia messi nyaman","Bukan Aduan"
"pen liburan ke sana full seharian","Bukan Aduan"
"di copa var aja jarang diapake njirrr kek gk perlu amat","Bukan Aduan"
"akhirnya aku sadar bahwa balas dendam terbaik adalah dengan tidak membalasnya","Bukan Aduan"
"bisa nabung dan beli es jagung","Bukan Aduan"
"bisa belanja kebutuhan sehari","Bukan Aduan"
"terima gaji","Bukan Aduan"
"libur kerja dan memupuk jagung","Bukan Aduan"
"masih hidup dan bisa ke ladang pulang kerja","Bukan Aduan"
"sini dipasangin lagi","Bukan Aduan"
"masih hidup masih bisa ke ladang sepulang kerja","Bukan Aduan"
"tahun 1994 ke bawah tahun di mana aku belum dilahirkan","Bukan Aduan"
"masih bisa olahraga","Bukan Aduan"
"masih hidup","Bukan Aduan"
"bisa tukar ktp dan beliin kolega minuman","Bukan Aduan"
"anjay kaget sama namanya","Bukan Aduan"
"bisa memberi amak uang","Bukan Aduan"
"gk kenak marah walaupun datang kerja telat parah","Bukan Aduan"
"udah susah move one tbtb diingatkan oleh bapeda kalau pajak kendaran dia udah jatuh tempo kan bangsat","Bukan Aduan"
"bisa shalat idul adha dan merayakannya bikin sate dengan kenkawan di kedai buk bago dan aku yang bikin bumbu satenya","Bukan Aduan"
"hmm bener juga makanya mereka nyari validasi melalui diriku","Bukan Aduan"
"berarti mereka tidak puas dengan pekerjaan mereka","Bukan Aduan"
"betul kita tidak membanggakan tapi orang lain merendahkan","Bukan Aduan"
"kita bekerja memang bukan untuk bangga an bukan","Bukan Aduan"
"bisa puasa sunah arafah","Bukan Aduan"
"bertemu kolega lama uda ardi buya di tempat sarapan dan ditraktir oleh beliau terima kasih buya","Bukan Aduan"
"paket ketiga sekaligus yg terakhir sudah sampai di tangan","Bukan Aduan"
"makasih uni untuk org spertiku ini udah sebuah prestasi","Bukan Aduan"
"Viral! Jalan Rusak Tak Kunjung Diperbaiki Warga Lampung Tabur 40 Kg Ikan Lele ...","Aduan"
"JALAN ALINDA BEKASI UTARA RUSAK DAN MENGANGGU AKTIVITAS PEDAGANG ...","Aduan"
"Efisiensi anggaran dari pemerintah pusat berdampak signifikan terhadap pembangunan infrastruktur di Kabupaten Jembrana ...","Bukan Aduan"
"Katanya prioritas pembangunan. Tapi kenyataannya? Jalan rusak dibiarkan warga cari solusi sendiri ...","Aduan"
"Warga Padukuhan Kepek 1 Gunungkidul DIY melakukan aksi penanaman pohon pisang di jalan yang rusak ...","Aduan"
"Warga Seibeduk Keluhkan Jalan Rusak Parah: Macam Gak Punya Wakil Rakyat ...","Aduan"
"Warganet membagikan dokumentasi jalan rusak di Desa Deras Kecamatan Kedungjati Grobokan ...","Aduan"
"Hati hati bila anda melewati ruas jalan ini #Jalanrusak ...","Aduan"
"jalan akses warga di Salo timur tepatnya arah ke Jalan stanum lama putus total ...","Aduan"
"Sering Dilalui Dump Truck Wabup Indramayu Sidak Jalan Rusak ...","Bukan Aduan"
"Ini cuplikan jalannya masih belum seberapa ini. BenerÂ² panjang bgt jalan yg rusak ...","Aduan"
"Fenomena alam dan symbol peradaban ... jalan yg beralih fungsi jd kebon pisang ...","Aduan"
"Sindir Pemerintah yang Tak Perhatian Warga Blora Sulap Jalan Rusak Jadi Kebun Pisang ...","Aduan"
"SEMARAPURA ... kondisi jalan di Nusa Penida yang belakangan ini rusak ...","Aduan"
"Kondisi akses jalan warga di Kampung Langkob ... sangat memprihatinkan ...","Aduan"
"Perbaikan Jalan Lampung Dipacu Mirza Temui Menteri PUPR ...","Bukan Aduan"
"DIASPAL LAGI: Pekerja melakukan tambal sulam jalan di kawasan Pasar Lespadangan ...","Bukan Aduan"
"Jelang Mudik Lebaran 2025 Pemkab Mojokerto Kebut Proyek Perbaikan Jalan ...","Bukan Aduan"
"Jelang Arus Mudik DPRD Jatim Dorong Pemprov Percepat Perbaikan Jalan Provinsi ...","Bukan Aduan"
"Sekitar 20 persen jalan Kebumen di antaranya dalam kondisi rusak ...","Aduan"
"#JatengTerkini 18 Maret 2025 Jalan antar kabupaten ... masih mangkrak dan rusak parah ...","Aduan"
"Cukup ngga ya? #jalanrusak","Aduan"
"Bupati Kuningan: Gudang Depot Air Mineral di Lebakwangi Bikin Rusak Jalan ...","Bukan Aduan"
"Warga Perbaiki Jalan yang Tewaskan 10 Orang Pasang Spanduk 'Sedang Ada Perbaikan Jalan oleh Rakyat' ...","Aduan"
"Akses jalan dari rumah Kurniati rusak parah sehingga tidak dapat dijangkau mobil ambulans ...","Aduan"
"Jalan Ngoro - Pungging Rusak Parah Dinas PUPR Siapkan Rekonstruksi Bertahap ...","Bukan Aduan"
"JALAN RUSAK TOTAL DI PANDEGLANG WARGA TUNTUT SEGERA PERBAIKI! ...","Aduan"
"Krayan Selatan krisis sembako harga naik tajam akibat akses jalan rusak ...","Aduan"
"Perbaikan Jalan Provinsi di Jember Butuh Rp 30 M Khofifah Minta Tuntas 3 Bulan!","Bukan Aduan"
"Perbaikan Sejumlah Ruas Jalan di Kuningan Ditargetkan Rampung Sebelum Lebaran ...","Bukan Aduan"
"Jadi Etalase Kota Cirebon Edo Ogah Jalan Cipto Rusak dan Tergenang Air ...","Bukan Aduan"
"Foto pekerja menambal jalan rusak di Jalan Sawunggaling Kota Blitar ...","Bukan Aduan"
"Bupati Kebumen Lilis Nuryani ... melaksanakan monitoring jalan rusak di sejumlah wilayah ...","Bukan Aduan"
"Jalan Ciremai Raya Rusak Wali Kota Cirebon: Mei Bakal Dibeton ...","Bukan Aduan"
"Gegara jalan rusak parah pantekk. Belum lagi efek kabutnya.","Aduan"
"Yg paling bangsat dari semua ini adalah kerusakan yang terjadi dari level negara sampai desa sudah sangat parah anjinggggg","Aduan"
"JAKARTA ADA APSIH KNTOL MACET BGT","Aduan"
"iya itu ada truk as nya patah macet dri narogong","Aduan"
"Haha ga berani ke yg jauh2 soalnya katanya macet parah. Oke grab bisa dibayar pake kartu kita kek biasa kan? Ga harus cash?","Bukan Aduan"
"Separah itu dampak proyeknya tengah malam pun masih macet parah","Aduan"
"gara gara nonton wimdut live dulu baru mandi jadi dapat macet kan","Bukan Aduan"
"simpang flyover cibinong macet super parah","Aduan"
"depan rumah gue macet bgt jir katanya pada mau ke lubang buaya","Aduan"
"Ini kenapa pagi sudah macet? jam 5 loh ini berangkat kantor","Aduan"
"buat apa kalo tetep macet dan banjir","Aduan"
"jujur anak2 itu di kendaraan umum super memuakan tantrum teriak-teriak anak banyak sampe diatas 5 tak beradab kemaren macet dan hujan deras kumpulan anak-anak tantruman dan emaknya main HP kombo mematikan. Mana anak2nya lempar botol dan narik2 tas orang.","Aduan"
"gapernah sepagi ini nyampe kampus buat menghindari macettapi gapapa lah wkwk. btw. GOOD MORNING MOOTS KU YANG LUCU LUCU","Bukan Aduan"
"Macet #Singosari Akibat kabel wifi Gembrandul ndik Embong Ardimulyo. Gawe macet harusnya ada. Penindakan terkait kabel kabel wifi yang sudah merusak estetika kota.","Aduan"
"yg ga bisa ditolerir itu banyak gojek sama grab matiin aplikasi terus menuhin area konser buat nembak harga besar diluar aplikasi wkwkwk dah mah pungli bikin macet jalan terus kebanyakan maksa hdah tolong mitra kalian tindakin","Aduan"
"Macet nih cuma 3 gerbang aja yg jalan","Aduan"
"Kalo masalah transport JIS jalannya kecil so macet total. karna memilih naik gojek gak terlalu macet. Untuk pulang yang penting berani tembak murah ke arah kita pulang. Dan itu WORKS BANGET!!","Aduan"
"Izzz istri CEO resleting tasnya macet tanda-tanda minta beli baru tu pak Bos","Bukan Aduan"
"Tau udah masuk jalur tj g mau ngalah lagi. Dasar bikin macet okb","Aduan"
"FC AVG di MID makin mendekati penghitungan full to full bila: laju mobil lancar tidak kena macet atau tdk sering stop n go, mesin rpm stabil, tekanan ban pas diameter ban sesuai ori, mesin normal sehat dg BBM sesuai rekomen.","Bukan Aduan"
"Kangen kalo macet di mobil dengerin nya radio Bapak gw skrng dah gak bisaaaa","Bukan Aduan"
"Itu lo yang goblok katanya BEBAS MACET ahelah berak lu jadi gak guna lu bikin himbauan naiklah Transum bloon","Aduan"
"Selamat pagi semuanya! Hari ini cuaca cerah banget, semoga aktivitas kalian lancar ðŸ˜Š","Bukan Aduan"
"Akhirnya bisa olahraga lagi, badan terasa segar","Bukan Aduan"
"Tbtb suasana langsung mencekam ajaa","Bukan Aduan"
"Hari ini luar biasa capek tapi sangat layak untuk disyukuri","Bukan Aduan"
"Cuma aku doang yg gk bisa nyetir di dlm ini mobil","Bukan Aduan"
"Capek bat anjingg kek gini tu sebetulnya bukan dunia aku","Bukan Aduan"
"Akhirnya bisa sarapan enak pagi ini","Bukan Aduan"
"Semoga weekend ini menyenangkan untuk semua teman-teman","Bukan Aduan"
